3517428086013813,1122,Carlos Ramon
3465544916860272,1023,Phoebe Terese
2434367894325672,1224,Dorothy Ann
1234567891234562,1025,Wanda Li
9876543212345711,1128,Keesha Franklin
9748376519283742,1024,Arnold Perstein
1239876567890053,1123,Ralphie Tennelli
1627384950695844,1225,Tim Jamal
1235678765434565,1126,Judy Moody
6567890987654347,1127,Frank Pearl
5434543212345676,1226,Jessica Finch
8765436789098764,1227,Amy Namey
1233234566543453,1228,Rocky Zang
8766787899877893,1021,Junie Jones
9889078987667559,1121,Valerie Frizzle